"Y_lag_4","Y_lag_3","Y_lag_2","Y_lag_1","Y_lag_0","temp_mean_lag_6","temp_mean_lag_5","temp_mean_lag_4","temp_mean_lag_3","temp_mean_lag_2","temp_mean_lag_1","temp_mean_lag_0","temp_max_lag_8","temp_max_lag_7","temp_max_lag_6","temp_max_lag_5","temp_max_lag_4","temp_max_lag_3","temp_max_lag_2","temp_max_lag_1","temp_max_lag_0","rainfall_lag_9","rainfall_lag_8","rainfall_lag_7","rainfall_lag_6","rainfall_lag_5","rainfall_lag_4","rainfall_lag_3","rainfall_lag_2","rainfall_lag_1","rainfall_lag_0","humidity_lag_2","humidity_lag_1","humidity_lag_0","wind_speed_lag_3","wind_speed_lag_2","wind_speed_lag_1","wind_speed_lag_0"
-12,3,38,0,7,1.32,-0.68,-0.0599999999999987,3.21,0.509999999999998,-3.26,4.33,2.57,-2.27,-0.82,5.23,0.93,-6.11,6.03,-4.23,3.42,5.58000000000001,40.21,-19.09,-22.24,-2.53,-5.44,13.59,-8.62,-13.18,29.42,8.42,-0.790000000000006,-0.349999999999994,-0.0500000000000003,-0.43,0.8,0.78
3,38,0,7,-11,-0.68,-0.0599999999999987,3.21,0.509999999999998,-3.26,4.33,-3.64,-2.27,-0.82,5.23,0.93,-6.11,6.03,-4.23,3.42,-0.52,40.21,-19.09,-22.24,-2.53,-5.44,13.59,-8.62,-13.18,29.42,-20.92,-0.790000000000006,-0.349999999999994,-11.89,-0.43,0.8,0.78,-0.82
38,0,7,-11,32,-0.0599999999999987,3.21,0.509999999999998,-3.26,4.33,-3.64,2.85,-0.82,5.23,0.93,-6.11,6.03,-4.23,3.42,-0.52,-0.0599999999999987,-19.09,-22.24,-2.53,-5.44,13.59,-8.62,-13.18,29.42,-20.92,8.07,-0.349999999999994,-11.89,2.26,0.8,0.78,-0.82,0.06
0,7,-11,32,-12,3.21,0.509999999999998,-3.26,4.33,-3.64,2.85,-0.350000000000001,5.23,0.93,-6.11,6.03,-4.23,3.42,-0.52,-0.0599999999999987,2.29,-22.24,-2.53,-5.44,13.59,-8.62,-13.18,29.42,-20.92,8.07,-20.07,-11.89,2.26,-0.870000000000005,0.78,-0.82,0.06,0.43
7,-11,32,-12,10,0.509999999999998,-3.26,4.33,-3.64,2.85,-0.350000000000001,0.490000000000002,0.93,-6.11,6.03,-4.23,3.42,-0.52,-0.0599999999999987,2.29,-5.26,-2.53,-5.44,13.59,-8.62,-13.18,29.42,-20.92,8.07,-20.07,5.38,2.26,-0.870000000000005,-0.949999999999996,-0.82,0.06,0.43,0.37
-11,32,-12,10,22,-3.26,4.33,-3.64,2.85,-0.350000000000001,0.490000000000002,1.83,-6.11,6.03,-4.23,3.42,-0.52,-0.0599999999999987,2.29,-5.26,1.12,-5.44,13.59,-8.62,-13.18,29.42,-20.92,8.07,-20.07,5.38,10.03,-0.870000000000005,-0.949999999999996,-1.12,0.06,0.43,0.37,-0.28
32,-12,10,22,9,4.33,-3.64,2.85,-0.350000000000001,0.490000000000002,1.83,-3.61,6.03,-4.23,3.42,-0.52,-0.0599999999999987,2.29,-5.26,1.12,6.09,13.59,-8.62,-13.18,29.42,-20.92,8.07,-20.07,5.38,10.03,-8.06,-0.949999999999996,-1.12,-0.519999999999996,0.43,0.37,-0.28,0.89
-12,10,22,9,-9,-3.64,2.85,-0.350000000000001,0.490000000000002,1.83,-3.61,1.31,-4.23,3.42,-0.52,-0.0599999999999987,2.29,-5.26,1.12,6.09,-7.02,-8.62,-13.18,29.42,-20.92,8.07,-20.07,5.38,10.03,-8.06,1.46,-1.12,-0.519999999999996,-2.05,0.37,-0.28,0.89,-0.44
10,22,9,-9,21,2.85,-0.350000000000001,0.490000000000002,1.83,-3.61,1.31,3.97,3.42,-0.52,-0.0599999999999987,2.29,-5.26,1.12,6.09,-7.02,0.649999999999999,-13.18,29.42,-20.92,8.07,-20.07,5.38,10.03,-8.06,1.46,-29.1,-0.519999999999996,-2.05,1.37,-0.28,0.89,-0.44,-0.16
22,9,-9,21,1,-0.350000000000001,0.490000000000002,1.83,-3.61,1.31,3.97,-6.38,-0.52,-0.0599999999999987,2.29,-5.26,1.12,6.09,-7.02,0.649999999999999,-1.14,29.42,-20.92,8.07,-20.07,5.38,10.03,-8.06,1.46,-29.1,13.29,-2.05,1.37,0.799999999999997,0.89,-0.44,-0.16,-0.54
9,-9,21,1,-15,0.490000000000002,1.83,-3.61,1.31,3.97,-6.38,0.859999999999999,-0.0599999999999987,2.29,-5.26,1.12,6.09,-7.02,0.649999999999999,-1.14,0.919999999999998,-20.92,8.07,-20.07,5.38,10.03,-8.06,1.46,-29.1,13.29,-7.3,1.37,0.799999999999997,2.13,-0.44,-0.16,-0.54,0.06
-9,21,1,-15,-15,1.83,-3.61,1.31,3.97,-6.38,0.859999999999999,0.399999999999999,2.29,-5.26,1.12,6.09,-7.02,0.649999999999999,-1.14,0.919999999999998,-0.93,8.07,-20.07,5.38,10.03,-8.06,1.46,-29.1,13.29,-7.3,-5.99,0.799999999999997,2.13,1.81,-0.16,-0.54,0.06,0.67
21,1,-15,-15,10,-3.61,1.31,3.97,-6.38,0.859999999999999,0.399999999999999,-0.18,-5.26,1.12,6.09,-7.02,0.649999999999999,-1.14,0.919999999999998,-0.93,-0.920000000000002,-20.07,5.38,10.03,-8.06,1.46,-29.1,13.29,-7.3,-5.99,0,2.13,1.81,1.73,-0.54,0.06,0.67,-0.45
1,-15,-15,10,10,1.31,3.97,-6.38,0.859999999999999,0.399999999999999,-0.18,-1.7,1.12,6.09,-7.02,0.649999999999999,-1.14,0.919999999999998,-0.93,-0.920000000000002,1.91,5.38,10.03,-8.06,1.46,-29.1,13.29,-7.3,-5.99,0,30.64,1.81,1.73,-6.59,0.06,0.67,-0.45,0.66
-15,-15,10,10,-4,3.97,-6.38,0.859999999999999,0.399999999999999,-0.18,-1.7,-0.240000000000002,6.09,-7.02,0.649999999999999,-1.14,0.919999999999998,-0.93,-0.920000000000002,1.91,-2.29,10.03,-8.06,1.46,-29.1,13.29,-7.3,-5.99,0,30.64,-19.1,1.73,-6.59,3.96,0.67,-0.45,0.66,-1.45
-15,10,10,-4,-25,-6.38,0.859999999999999,0.399999999999999,-0.18,-1.7,-0.240000000000002,1.35,-7.02,0.649999999999999,-1.14,0.919999999999998,-0.93,-0.920000000000002,1.91,-2.29,-0.599999999999998,-8.06,1.46,-29.1,13.29,-7.3,-5.99,0,30.64,-19.1,-8.69,-6.59,3.96,9.88,-0.45,0.66,-1.45,0.9
10,10,-4,-25,13,0.859999999999999,0.399999999999999,-0.18,-1.7,-0.240000000000002,1.35,-2.6,0.649999999999999,-1.14,0.919999999999998,-0.93,-0.920000000000002,1.91,-2.29,-0.599999999999998,0.0199999999999996,1.46,-29.1,13.29,-7.3,-5.99,0,30.64,-19.1,-8.69,16.56,3.96,9.88,-10.37,0.66,-1.45,0.9,-0.52
10,-4,-25,13,-35,0.399999999999999,-0.18,-1.7,-0.240000000000002,1.35,-2.6,-0.0700000000000003,-1.14,0.919999999999998,-0.93,-0.920000000000002,1.91,-2.29,-0.599999999999998,0.0199999999999996,-1.33,-29.1,13.29,-7.3,-5.99,0,30.64,-19.1,-8.69,16.56,-19.41,9.88,-10.37,5.72000000000001,-1.45,0.9,-0.52,0.89
-4,-25,13,-35,47,-0.18,-1.7,-0.240000000000002,1.35,-2.6,-0.0700000000000003,-0.549999999999997,0.919999999999998,-0.93,-0.920000000000002,1.91,-2.29,-0.599999999999998,0.0199999999999996,-1.33,-0.649999999999999,13.29,-7.3,-5.99,0,30.64,-19.1,-8.69,16.56,-19.41,9.08,-10.37,5.72000000000001,-4.74,0.9,-0.52,0.89,-0.63
-25,13,-35,47,-16,-1.7,-0.240000000000002,1.35,-2.6,-0.0700000000000003,-0.549999999999997,-0.66,-0.93,-0.920000000000002,1.91,-2.29,-0.599999999999998,0.0199999999999996,-1.33,-0.649999999999999,-1.27,-7.3,-5.99,0,30.64,-19.1,-8.69,16.56,-19.41,9.08,20.97,5.72000000000001,-4.74,8.13,-0.52,0.89,-0.63,-0.84
13,-35,47,-16,-15,-0.240000000000002,1.35,-2.6,-0.0700000000000003,-0.549999999999997,-0.66,-0.580000000000002,-0.920000000000002,1.91,-2.29,-0.599999999999998,0.0199999999999996,-1.33,-0.649999999999999,-1.27,-0.900000000000002,-5.99,0,30.64,-19.1,-8.69,16.56,-19.41,9.08,20.97,-25.03,-4.74,8.13,-0.939999999999998,0.89,-0.63,-0.84,-0.26
-35,47,-16,-15,-35,1.35,-2.6,-0.0700000000000003,-0.549999999999997,-0.66,-0.580000000000002,-1.33,1.91,-2.29,-0.599999999999998,0.0199999999999996,-1.33,-0.649999999999999,-1.27,-0.900000000000002,0.560000000000002,0,30.64,-19.1,-8.69,16.56,-19.41,9.08,20.97,-25.03,-5.02,8.13,-0.939999999999998,-4.68000000000001,-0.63,-0.84,-0.26,0.64
47,-16,-15,-35,-1,-2.6,-0.0700000000000003,-0.549999999999997,-0.66,-0.580000000000002,-1.33,-1.79,-2.29,-0.599999999999998,0.0199999999999996,-1.33,-0.649999999999999,-1.27,-0.900000000000002,0.560000000000002,-0.380000000000003,30.64,-19.1,-8.69,16.56,-19.41,9.08,20.97,-25.03,-5.02,5.96,-0.939999999999998,-4.68000000000001,8.98,-0.84,-0.26,0.64,-0.38
-16,-15,-35,-1,19,-0.0700000000000003,-0.549999999999997,-0.66,-0.580000000000002,-1.33,-1.79,0.380000000000001,-0.599999999999998,0.0199999999999996,-1.33,-0.649999999999999,-1.27,-0.900000000000002,0.560000000000002,-0.380000000000003,-2.22,-19.1,-8.69,16.56,-19.41,9.08,20.97,-25.03,-5.02,5.96,-5.08,-4.68000000000001,8.98,1.61,-0.26,0.64,-0.38,-0.00999999999999979
-15,-35,-1,19,-7,-0.549999999999997,-0.66,-0.580000000000002,-1.33,-1.79,0.380000000000001,-1.9,0.0199999999999996,-1.33,-0.649999999999999,-1.27,-0.900000000000002,0.560000000000002,-0.380000000000003,-2.22,-0.789999999999999,-8.69,16.56,-19.41,9.08,20.97,-25.03,-5.02,5.96,-5.08,22.19,8.98,1.61,0.219999999999999,0.64,-0.38,-0.00999999999999979,-0.16
-35,-1,19,-7,-4,-0.66,-0.580000000000002,-1.33,-1.79,0.380000000000001,-1.9,1.11,-1.33,-0.649999999999999,-1.27,-0.900000000000002,0.560000000000002,-0.380000000000003,-2.22,-0.789999999999999,1.36,16.56,-19.41,9.08,20.97,-25.03,-5.02,5.96,-5.08,22.19,3.93,1.61,0.219999999999999,-13.44,-0.38,-0.00999999999999979,-0.16,0.3
-1,19,-7,-4,5,-0.580000000000002,-1.33,-1.79,0.380000000000001,-1.9,1.11,-1.08,-0.649999999999999,-1.27,-0.900000000000002,0.560000000000002,-0.380000000000003,-2.22,-0.789999999999999,1.36,-0.739999999999998,-19.41,9.08,20.97,-25.03,-5.02,5.96,-5.08,22.19,3.93,10.83,0.219999999999999,-13.44,12.77,-0.00999999999999979,-0.16,0.3,-0.97
19,-7,-4,5,-40,-1.33,-1.79,0.380000000000001,-1.9,1.11,-1.08,0.00999999999999979,-1.27,-0.900000000000002,0.560000000000002,-0.380000000000003,-2.22,-0.789999999999999,1.36,-0.739999999999998,0.639999999999997,9.08,20.97,-25.03,-5.02,5.96,-5.08,22.19,3.93,10.83,17.18,-13.44,12.77,6.56,-0.16,0.3,-0.97,2.18
-7,-4,5,-40,-20,-1.79,0.380000000000001,-1.9,1.11,-1.08,0.00999999999999979,-1.73,-0.900000000000002,0.560000000000002,-0.380000000000003,-2.22,-0.789999999999999,1.36,-0.739999999999998,0.639999999999997,-2.99,20.97,-25.03,-5.02,5.96,-5.08,22.19,3.93,10.83,17.18,-2.91999999999999,12.77,6.56,-5.78,0.3,-0.97,2.18,-1.67
-4,5,-40,-20,-2,0.380000000000001,-1.9,1.11,-1.08,0.00999999999999979,-1.73,1.05,0.560000000000002,-0.380000000000003,-2.22,-0.789999999999999,1.36,-0.739999999999998,0.639999999999997,-2.99,0.81,-25.03,-5.02,5.96,-5.08,22.19,3.93,10.83,17.18,-2.91999999999999,-36.84,6.56,-5.78,-1.06,-0.97,2.18,-1.67,-0.49
5,-40,-20,-2,-3,-1.9,1.11,-1.08,0.00999999999999979,-1.73,1.05,-1.29,-0.380000000000003,-2.22,-0.789999999999999,1.36,-0.739999999999998,0.639999999999997,-2.99,0.81,3.87,-5.02,5.96,-5.08,22.19,3.93,10.83,17.18,-2.91999999999999,-36.84,51.69,-5.78,-1.06,2.8,2.18,-1.67,-0.49,0.13
-40,-20,-2,-3,-18,1.11,-1.08,0.00999999999999979,-1.73,1.05,-1.29,1.02,-2.22,-0.789999999999999,1.36,-0.739999999999998,0.639999999999997,-2.99,0.81,3.87,-0.41,5.96,-5.08,22.19,3.93,10.83,17.18,-2.91999999999999,-36.84,51.69,-25.05,-1.06,2.8,-8.25,-1.67,-0.49,0.13,0.3
-20,-2,-3,-18,18,-1.08,0.00999999999999979,-1.73,1.05,-1.29,1.02,1.49,-0.789999999999999,1.36,-0.739999999999998,0.639999999999997,-2.99,0.81,3.87,-0.41,-0.0899999999999999,-5.08,22.19,3.93,10.83,17.18,-2.91999999999999,-36.84,51.69,-25.05,-5.19,2.8,-8.25,5.52000000000001,-0.49,0.13,0.3,0.0100000000000002
-2,-3,-18,18,-21,0.00999999999999979,-1.73,1.05,-1.29,1.02,1.49,-0.26,1.36,-0.739999999999998,0.639999999999997,-2.99,0.81,3.87,-0.41,-0.0899999999999999,1.21,22.19,3.93,10.83,17.18,-2.91999999999999,-36.84,51.69,-25.05,-5.19,36.15,-8.25,5.52000000000001,4.61,0.13,0.3,0.0100000000000002,-1.23
-3,-18,18,-21,0,-1.73,1.05,-1.29,1.02,1.49,-0.26,1.25,-0.739999999999998,0.639999999999997,-2.99,0.81,3.87,-0.41,-0.0899999999999999,1.21,-1.86,3.93,10.83,17.18,-2.91999999999999,-36.84,51.69,-25.05,-5.19,36.15,-19.1,5.52000000000001,4.61,3.94999999999999,0.3,0.0100000000000002,-1.23,-0.15
-18,18,-21,0,21,1.05,-1.29,1.02,1.49,-0.26,1.25,-0.280000000000001,0.639999999999997,-2.99,0.81,3.87,-0.41,-0.0899999999999999,1.21,-1.86,1,10.83,17.18,-2.91999999999999,-36.84,51.69,-25.05,-5.19,36.15,-19.1,21.58,4.61,3.94999999999999,-2.36999999999999,0.0100000000000002,-1.23,-0.15,0.99
18,-21,0,21,-1,-1.29,1.02,1.49,-0.26,1.25,-0.280000000000001,-0.16,-2.99,0.81,3.87,-0.41,-0.0899999999999999,1.21,-1.86,1,1.6,17.18,-2.91999999999999,-36.84,51.69,-25.05,-5.19,36.15,-19.1,21.58,-24.85,3.94999999999999,-2.36999999999999,1.69,-1.23,-0.15,0.99,0.49
-21,0,21,-1,-20,1.02,1.49,-0.26,1.25,-0.280000000000001,-0.16,1.81,0.81,3.87,-0.41,-0.0899999999999999,1.21,-1.86,1,1.6,-3.16,-2.91999999999999,-36.84,51.69,-25.05,-5.19,36.15,-19.1,21.58,-24.85,-8.86,-2.36999999999999,1.69,-6.86,-0.15,0.99,0.49,-0.3
0,21,-1,-20,12,1.49,-0.26,1.25,-0.280000000000001,-0.16,1.81,0.84,3.87,-0.41,-0.0899999999999999,1.21,-1.86,1,1.6,-3.16,2.44,-36.84,51.69,-25.05,-5.19,36.15,-19.1,21.58,-24.85,-8.86,-17.4,1.69,-6.86,9.76,0.99,0.49,-0.3,0.48
21,-1,-20,12,-4,-0.26,1.25,-0.280000000000001,-0.16,1.81,0.84,-3.29,-0.41,-0.0899999999999999,1.21,-1.86,1,1.6,-3.16,2.44,1.89,51.69,-25.05,-5.19,36.15,-19.1,21.58,-24.85,-8.86,-17.4,47.18,-6.86,9.76,-1.63000000000001,0.49,-0.3,0.48,-0.25
-1,-20,12,-4,-8,1.25,-0.280000000000001,-0.16,1.81,0.84,-3.29,4.08,-0.0899999999999999,1.21,-1.86,1,1.6,-3.16,2.44,1.89,0.699999999999999,-25.05,-5.19,36.15,-19.1,21.58,-24.85,-8.86,-17.4,47.18,-29.8,9.76,-1.63000000000001,-2.88,-0.3,0.48,-0.25,0.0800000000000001
-20,12,-4,-8,7,-0.280000000000001,-0.16,1.81,0.84,-3.29,4.08,0.5,1.21,-1.86,1,1.6,-3.16,2.44,1.89,0.699999999999999,-1.14,-5.19,36.15,-19.1,21.58,-24.85,-8.86,-17.4,47.18,-29.8,26.45,-1.63000000000001,-2.88,-3.87,0.48,-0.25,0.0800000000000001,0.72
12,-4,-8,7,7,-0.16,1.81,0.84,-3.29,4.08,0.5,0.949999999999999,-1.86,1,1.6,-3.16,2.44,1.89,0.699999999999999,-1.14,4.67,36.15,-19.1,21.58,-24.85,-8.86,-17.4,47.18,-29.8,26.45,-11.58,-2.88,-3.87,3.32000000000001,-0.25,0.0800000000000001,0.72,-1.28
-4,-8,7,7,-14,1.81,0.84,-3.29,4.08,0.5,0.949999999999999,-2.06,1,1.6,-3.16,2.44,1.89,0.699999999999999,-1.14,4.67,-5.77,-19.1,21.58,-24.85,-8.86,-17.4,47.18,-29.8,26.45,-11.58,4.63,-3.87,3.32000000000001,-6.84,0.0800000000000001,0.72,-1.28,0.24
-8,7,7,-14,28,0.84,-3.29,4.08,0.5,0.949999999999999,-2.06,5.71,1.6,-3.16,2.44,1.89,0.699999999999999,-1.14,4.67,-5.77,4.66,21.58,-24.85,-8.86,-17.4,47.18,-29.8,26.45,-11.58,4.63,10.9,3.32000000000001,-6.84,-2.04000000000001,0.72,-1.28,0.24,0.7
7,7,-14,28,-23,-3.29,4.08,0.5,0.949999999999999,-2.06,5.71,-6.79,-3.16,2.44,1.89,0.699999999999999,-1.14,4.67,-5.77,4.66,0.0300000000000011,-24.85,-8.86,-17.4,47.18,-29.8,26.45,-11.58,4.63,10.9,-27.63,-6.84,-2.04000000000001,-6.47999999999999,-1.28,0.24,0.7,0.0500000000000003
7,-14,28,-23,34,4.08,0.5,0.949999999999999,-2.06,5.71,-6.79,4.61,2.44,1.89,0.699999999999999,-1.14,4.67,-5.77,4.66,0.0300000000000011,0.48,-8.86,-17.4,47.18,-29.8,26.45,-11.58,4.63,10.9,-27.63,-1.31,-2.04000000000001,-6.47999999999999,8.55,0.24,0.7,0.0500000000000003,-1.1
-14,28,-23,34,-10,0.5,0.949999999999999,-2.06,5.71,-6.79,4.61,0.84,1.89,0.699999999999999,-1.14,4.67,-5.77,4.66,0.0300000000000011,0.48,4.36,-17.4,47.18,-29.8,26.45,-11.58,4.63,10.9,-27.63,-1.31,1.49,-6.47999999999999,8.55,-11.21,0.7,0.0500000000000003,-1.1,1.48
28,-23,34,-10,7,0.949999999999999,-2.06,5.71,-6.79,4.61,0.84,0.239999999999998,0.699999999999999,-1.14,4.67,-5.77,4.66,0.0300000000000011,0.48,4.36,-1.22,47.18,-29.8,26.45,-11.58,4.63,10.9,-27.63,-1.31,1.49,17.17,8.55,-11.21,7.96,0.0500000000000003,-1.1,1.48,-0.79
-23,34,-10,7,6,-2.06,5.71,-6.79,4.61,0.84,0.239999999999998,1.94,-1.14,4.67,-5.77,4.66,0.0300000000000011,0.48,4.36,-1.22,-0.870000000000001,-29.8,26.45,-11.58,4.63,10.9,-27.63,-1.31,1.49,17.17,-25.48,-11.21,7.96,0.649999999999991,-1.1,1.48,-0.79,0.15
34,-10,7,6,20,5.71,-6.79,4.61,0.84,0.239999999999998,1.94,-0.390000000000001,4.67,-5.77,4.66,0.0300000000000011,0.48,4.36,-1.22,-0.870000000000001,2.2,26.45,-11.58,4.63,10.9,-27.63,-1.31,1.49,17.17,-25.48,1.84,7.96,0.649999999999991,0.200000000000003,1.48,-0.79,0.15,1.59
-10,7,6,20,10,-6.79,4.61,0.84,0.239999999999998,1.94,-0.390000000000001,-0.870000000000001,-5.77,4.66,0.0300000000000011,0.48,4.36,-1.22,-0.870000000000001,2.2,-3.12,-11.58,4.63,10.9,-27.63,-1.31,1.49,17.17,-25.48,1.84,11.78,0.649999999999991,0.200000000000003,-0.239999999999995,-0.79,0.15,1.59,-0.18
7,6,20,10,34,4.61,0.84,0.239999999999998,1.94,-0.390000000000001,-0.870000000000001,3.69,4.66,0.0300000000000011,0.48,4.36,-1.22,-0.870000000000001,2.2,-3.12,3.03,4.63,10.9,-27.63,-1.31,1.49,17.17,-25.48,1.84,11.78,-3.18,0.200000000000003,-0.239999999999995,-2.75,0.15,1.59,-0.18,-0.85
6,20,10,34,9,0.84,0.239999999999998,1.94,-0.390000000000001,-0.870000000000001,3.69,-2.22,0.0300000000000011,0.48,4.36,-1.22,-0.870000000000001,2.2,-3.12,3.03,-2.25,10.9,-27.63,-1.31,1.49,17.17,-25.48,1.84,11.78,-3.18,-2.72,-0.239999999999995,-2.75,-6.95,1.59,-0.18,-0.85,1.31
20,10,34,9,-5,0.239999999999998,1.94,-0.390000000000001,-0.870000000000001,3.69,-2.22,1.61,0.48,4.36,-1.22,-0.870000000000001,2.2,-3.12,3.03,-2.25,3.01,-27.63,-1.31,1.49,17.17,-25.48,1.84,11.78,-3.18,-2.72,-14.23,-2.75,-6.95,6.02,-0.18,-0.85,1.31,-1.02
10,34,9,-5,15,1.94,-0.390000000000001,-0.870000000000001,3.69,-2.22,1.61,-1.74,4.36,-1.22,-0.870000000000001,2.2,-3.12,3.03,-2.25,3.01,-4.83,-1.31,1.49,17.17,-25.48,1.84,11.78,-3.18,-2.72,-14.23,7.7,-6.95,6.02,-4.2,-0.85,1.31,-1.02,0.86
34,9,-5,15,1,-0.390000000000001,-0.870000000000001,3.69,-2.22,1.61,-1.74,-0.5,-1.22,-0.870000000000001,2.2,-3.12,3.03,-2.25,3.01,-4.83,0.960000000000001,1.49,17.17,-25.48,1.84,11.78,-3.18,-2.72,-14.23,7.7,-10.1,6.02,-4.2,-8.49,1.31,-1.02,0.86,0.23
9,-5,15,1,15,-0.870000000000001,3.69,-2.22,1.61,-1.74,-0.5,0.68,-0.870000000000001,2.2,-3.12,3.03,-2.25,3.01,-4.83,0.960000000000001,3.9,17.17,-25.48,1.84,11.78,-3.18,-2.72,-14.23,7.7,-10.1,-16.62,-4.2,-8.49,6.34,-1.02,0.86,0.23,0.0299999999999994
-5,15,1,15,-5,3.69,-2.22,1.61,-1.74,-0.5,0.68,-0.759999999999998,2.2,-3.12,3.03,-2.25,3.01,-4.83,0.960000000000001,3.9,-6.97,-25.48,1.84,11.78,-3.18,-2.72,-14.23,7.7,-10.1,-16.62,33.86,-8.49,6.34,-7.22,0.86,0.23,0.0299999999999994,0
15,1,15,-5,2,-2.22,1.61,-1.74,-0.5,0.68,-0.759999999999998,2.21,-3.12,3.03,-2.25,3.01,-4.83,0.960000000000001,3.9,-6.97,2.37,1.84,11.78,-3.18,-2.72,-14.23,7.7,-10.1,-16.62,33.86,-44.57,6.34,-7.22,2.51,0.23,0.0299999999999994,0,-0.75
1,15,-5,2,21,1.61,-1.74,-0.5,0.68,-0.759999999999998,2.21,-3.39,3.03,-2.25,3.01,-4.83,0.960000000000001,3.9,-6.97,2.37,1.69,11.78,-3.18,-2.72,-14.23,7.7,-10.1,-16.62,33.86,-44.57,25.36,-7.22,2.51,1.47,0.0299999999999994,0,-0.75,-0.12
15,-5,2,21,4,-1.74,-0.5,0.68,-0.759999999999998,2.21,-3.39,0.530000000000001,-2.25,3.01,-4.83,0.960000000000001,3.9,-6.97,2.37,1.69,-3.65,-3.18,-2.72,-14.23,7.7,-10.1,-16.62,33.86,-44.57,25.36,-9.6,2.51,1.47,0.00999999999999801,0,-0.75,-0.12,0.89
-5,2,21,4,15,-0.5,0.68,-0.759999999999998,2.21,-3.39,0.530000000000001,1.09,3.01,-4.83,0.960000000000001,3.9,-6.97,2.37,1.69,-3.65,0.560000000000002,-2.72,-14.23,7.7,-10.1,-16.62,33.86,-44.57,25.36,-9.6,-6.55,1.47,0.00999999999999801,6.08,-0.75,-0.12,0.89,-0.68
2,21,4,15,-44,0.68,-0.759999999999998,2.21,-3.39,0.530000000000001,1.09,-3.09,-4.83,0.960000000000001,3.9,-6.97,2.37,1.69,-3.65,0.560000000000002,0.509999999999998,-14.23,7.7,-10.1,-16.62,33.86,-44.57,25.36,-9.6,-6.55,-9.21,0.00999999999999801,6.08,-3.8,-0.12,0.89,-0.68,-0.35
21,4,15,-44,19,-0.759999999999998,2.21,-3.39,0.530000000000001,1.09,-3.09,1.27,0.960000000000001,3.9,-6.97,2.37,1.69,-3.65,0.560000000000002,0.509999999999998,3.3,7.7,-10.1,-16.62,33.86,-44.57,25.36,-9.6,-6.55,-9.21,2.38,6.08,-3.8,-3.16999999999999,0.89,-0.68,-0.35,-0.22
4,15,-44,19,-4,2.21,-3.39,0.530000000000001,1.09,-3.09,1.27,-0.290000000000003,3.9,-6.97,2.37,1.69,-3.65,0.560000000000002,0.509999999999998,3.3,-5.77,-10.1,-16.62,33.86,-44.57,25.36,-9.6,-6.55,-9.21,2.38,30.21,-3.8,-3.16999999999999,1.66,-0.68,-0.35,-0.22,1.1
15,-44,19,-4,-21,-3.39,0.530000000000001,1.09,-3.09,1.27,-0.290000000000003,1.83,-6.97,2.37,1.69,-3.65,0.560000000000002,0.509999999999998,3.3,-5.77,1.66,-16.62,33.86,-44.57,25.36,-9.6,-6.55,-9.21,2.38,30.21,-28.96,-3.16999999999999,1.66,0.82,-0.35,-0.22,1.1,-0.34
-44,19,-4,-21,-3,0.530000000000001,1.09,-3.09,1.27,-0.290000000000003,1.83,-3.08,2.37,1.69,-3.65,0.560000000000002,0.509999999999998,3.3,-5.77,1.66,-1.43,33.86,-44.57,25.36,-9.6,-6.55,-9.21,2.38,30.21,-28.96,-3.63,1.66,0.82,3.76,-0.22,1.1,-0.34,0.27
19,-4,-21,-3,0,1.09,-3.09,1.27,-0.290000000000003,1.83,-3.08,-1.1,1.69,-3.65,0.560000000000002,0.509999999999998,3.3,-5.77,1.66,-1.43,-1.21,-44.57,25.36,-9.6,-6.55,-9.21,2.38,30.21,-28.96,-3.63,0,0.82,3.76,2.22000000000001,1.1,-0.34,0.27,-1.14
-4,-21,-3,0,-10,-3.09,1.27,-0.290000000000003,1.83,-3.08,-1.1,-0.93,-3.65,0.560000000000002,0.509999999999998,3.3,-5.77,1.66,-1.43,-1.21,-2.13,25.36,-9.6,-6.55,-9.21,2.38,30.21,-28.96,-3.63,0,0,3.76,2.22000000000001,-2.92,-0.34,0.27,-1.14,0.33
-21,-3,0,-10,-5,1.27,-0.290000000000003,1.83,-3.08,-1.1,-0.93,0.939999999999998,0.560000000000002,0.509999999999998,3.3,-5.77,1.66,-1.43,-1.21,-2.13,0.489999999999998,-9.6,-6.55,-9.21,2.38,30.21,-28.96,-3.63,0,0,5.74,2.22000000000001,-2.92,1.33,0.27,-1.14,0.33,-0.78
-3,0,-10,-5,-4,-0.290000000000003,1.83,-3.08,-1.1,-0.93,0.939999999999998,-1.87,0.509999999999998,3.3,-5.77,1.66,-1.43,-1.21,-2.13,0.489999999999998,-0.0300000000000011,-6.55,-9.21,2.38,30.21,-28.96,-3.63,0,0,5.74,-5.74,-2.92,1.33,4.51,-1.14,0.33,-0.78,0.47
0,-10,-5,-4,13,1.83,-3.08,-1.1,-0.93,0.939999999999998,-1.87,-1.04,3.3,-5.77,1.66,-1.43,-1.21,-2.13,0.489999999999998,-0.0300000000000011,2.28,-9.21,2.38,30.21,-28.96,-3.63,0,0,5.74,-5.74,27.15,1.33,4.51,-4.41,0.33,-0.78,0.47,-0.58
-10,-5,-4,13,-2,-3.08,-1.1,-0.93,0.939999999999998,-1.87,-1.04,-0.280000000000001,-5.77,1.66,-1.43,-1.21,-2.13,0.489999999999998,-0.0300000000000011,2.28,-1.07,2.38,30.21,-28.96,-3.63,0,0,5.74,-5.74,27.15,-13.71,4.51,-4.41,4.01,-0.78,0.47,-0.58,0.49
-5,-4,13,-2,4,-1.1,-0.93,0.939999999999998,-1.87,-1.04,-0.280000000000001,1.37,1.66,-1.43,-1.21,-2.13,0.489999999999998,-0.0300000000000011,2.28,-1.07,-3.4,30.21,-28.96,-3.63,0,0,5.74,-5.74,27.15,-13.71,22.72,-4.41,4.01,1.28,0.47,-0.58,0.49,-0.33
-4,13,-2,4,-3,-0.93,0.939999999999998,-1.87,-1.04,-0.280000000000001,1.37,0.16,-1.43,-1.21,-2.13,0.489999999999998,-0.0300000000000011,2.28,-1.07,-3.4,1.39,-28.96,-3.63,0,0,5.74,-5.74,27.15,-13.71,22.72,-4.67,4.01,1.28,-1.29000000000001,-0.58,0.49,-0.33,0.62
13,-2,4,-3,-13,0.939999999999998,-1.87,-1.04,-0.280000000000001,1.37,0.16,-3.86,-1.21,-2.13,0.489999999999998,-0.0300000000000011,2.28,-1.07,-3.4,1.39,-1.05,-3.63,0,0,5.74,-5.74,27.15,-13.71,22.72,-4.67,9.01,1.28,-1.29000000000001,1.62,0.49,-0.33,0.62,-0.68
-2,4,-3,-13,-21,-1.87,-1.04,-0.280000000000001,1.37,0.16,-3.86,0.520000000000001,-2.13,0.489999999999998,-0.0300000000000011,2.28,-1.07,-3.4,1.39,-1.05,2.59,0,0,5.74,-5.74,27.15,-13.71,22.72,-4.67,9.01,-38.46,-1.29000000000001,1.62,2.58,-0.33,0.62,-0.68,-0.47
4,-3,-13,-21,-7,-1.04,-0.280000000000001,1.37,0.16,-3.86,0.520000000000001,-0.93,0.489999999999998,-0.0300000000000011,2.28,-1.07,-3.4,1.39,-1.05,2.59,-2.66,0,5.74,-5.74,27.15,-13.71,22.72,-4.67,9.01,-38.46,31.65,1.62,2.58,-1.17999999999999,0.62,-0.68,-0.47,-0.77
-3,-13,-21,-7,6,-0.280000000000001,1.37,0.16,-3.86,0.520000000000001,-0.93,2.93,-0.0300000000000011,2.28,-1.07,-3.4,1.39,-1.05,2.59,-2.66,-3.67,5.74,-5.74,27.15,-13.71,22.72,-4.67,9.01,-38.46,31.65,-11.13,2.58,-1.17999999999999,4.19999999999999,-0.68,-0.47,-0.77,0.55
-13,-21,-7,6,-50,1.37,0.16,-3.86,0.520000000000001,-0.93,2.93,-2.15,2.28,-1.07,-3.4,1.39,-1.05,2.59,-2.66,-3.67,2.75,-5.74,27.15,-13.71,22.72,-4.67,9.01,-38.46,31.65,-11.13,7.74,-1.17999999999999,4.19999999999999,-3.74,-0.47,-0.77,0.55,-0.15
-21,-7,6,-50,3,0.16,-3.86,0.520000000000001,-0.93,2.93,-2.15,-3.73,-1.07,-3.4,1.39,-1.05,2.59,-2.66,-3.67,2.75,-2.89,27.15,-13.71,22.72,-4.67,9.01,-38.46,31.65,-11.13,7.74,-5.28,4.19999999999999,-3.74,7.49,-0.77,0.55,-0.15,0.79
-7,6,-50,3,-2,-3.86,0.520000000000001,-0.93,2.93,-2.15,-3.73,1.93,-3.4,1.39,-1.05,2.59,-2.66,-3.67,2.75,-2.89,2.23,-13.71,22.72,-4.67,9.01,-38.46,31.65,-11.13,7.74,-5.28,15.16,-3.74,7.49,-2.58999999999999,0.55,-0.15,0.79,-0.41
6,-50,3,-2,-31,0.520000000000001,-0.93,2.93,-2.15,-3.73,1.93,-2.79,1.39,-1.05,2.59,-2.66,-3.67,2.75,-2.89,2.23,1.79,22.72,-4.67,9.01,-38.46,31.65,-11.13,7.74,-5.28,15.16,1.02,7.49,-2.58999999999999,5.74,-0.15,0.79,-0.41,-0.57
-50,3,-2,-31,2,-0.93,2.93,-2.15,-3.73,1.93,-2.79,3.39,-1.05,2.59,-2.66,-3.67,2.75,-2.89,2.23,1.79,-0.810000000000002,-4.67,9.01,-38.46,31.65,-11.13,7.74,-5.28,15.16,1.02,-30.5,-2.58999999999999,5.74,-0.959999999999994,0.79,-0.41,-0.57,0.37
3,-2,-31,2,2,2.93,-2.15,-3.73,1.93,-2.79,3.39,1.37,2.59,-2.66,-3.67,2.75,-2.89,2.23,1.79,-0.810000000000002,-0.469999999999999,9.01,-38.46,31.65,-11.13,7.74,-5.28,15.16,1.02,-30.5,47.11,5.74,-0.959999999999994,-3.34,-0.41,-0.57,0.37,-0.0700000000000003
-2,-31,2,2,-7,-2.15,-3.73,1.93,-2.79,3.39,1.37,-2.14,-2.66,-3.67,2.75,-2.89,2.23,1.79,-0.810000000000002,-0.469999999999999,1.77,-38.46,31.65,-11.13,7.74,-5.28,15.16,1.02,-30.5,47.11,-8.18,-0.959999999999994,-3.34,0.920000000000002,-0.57,0.37,-0.0700000000000003,0.0900000000000003
-31,2,2,-7,4,-3.73,1.93,-2.79,3.39,1.37,-2.14,-0.25,-3.67,2.75,-2.89,2.23,1.79,-0.810000000000002,-0.469999999999999,1.77,-0.419999999999998,31.65,-11.13,7.74,-5.28,15.16,1.02,-30.5,47.11,-8.18,-14.84,-3.34,0.920000000000002,3.95,0.37,-0.0700000000000003,0.0900000000000003,-0.3
2,2,-7,4,-4,1.93,-2.79,3.39,1.37,-2.14,-0.25,4.22,2.75,-2.89,2.23,1.79,-0.810000000000002,-0.469999999999999,1.77,-0.419999999999998,1.82,-11.13,7.74,-5.28,15.16,1.02,-30.5,47.11,-8.18,-14.84,-0.18,0.920000000000002,3.95,0.47999999999999,-0.0700000000000003,0.0900000000000003,-0.3,0.76
2,-7,4,-4,0,-2.79,3.39,1.37,-2.14,-0.25,4.22,-2.85,-2.89,2.23,1.79,-0.810000000000002,-0.469999999999999,1.77,-0.419999999999998,1.82,-1.94,7.74,-5.28,15.16,1.02,-30.5,47.11,-8.18,-14.84,-0.18,7.62,3.95,0.47999999999999,-1.20999999999999,0.0900000000000003,-0.3,0.76,0.1
-7,4,-4,0,1,3.39,1.37,-2.14,-0.25,4.22,-2.85,3.35,2.23,1.79,-0.810000000000002,-0.469999999999999,1.77,-0.419999999999998,1.82,-1.94,4.51,-5.28,15.16,1.02,-30.5,47.11,-8.18,-14.84,-0.18,7.62,-12.27,0.47999999999999,-1.20999999999999,-0.900000000000006,-0.3,0.76,0.1,-1.19
4,-4,0,1,0,1.37,-2.14,-0.25,4.22,-2.85,3.35,-0.44,1.79,-0.810000000000002,-0.469999999999999,1.77,-0.419999999999998,1.82,-1.94,4.51,-0.349999999999998,15.16,1.02,-30.5,47.11,-8.18,-14.84,-0.18,7.62,-12.27,26.6,-1.20999999999999,-0.900000000000006,-8.89,0.76,0.1,-1.19,1.15
-4,0,1,0,-1,-2.14,-0.25,4.22,-2.85,3.35,-0.44,1.64,-0.810000000000002,-0.469999999999999,1.77,-0.419999999999998,1.82,-1.94,4.51,-0.349999999999998,1.8,1.02,-30.5,47.11,-8.18,-14.84,-0.18,7.62,-12.27,26.6,20.89,-0.900000000000006,-8.89,7.02000000000001,0.1,-1.19,1.15,-0.8
0,1,0,-1,4,-0.25,4.22,-2.85,3.35,-0.44,1.64,0.859999999999999,-0.469999999999999,1.77,-0.419999999999998,1.82,-1.94,4.51,-0.349999999999998,1.8,1.83,-30.5,47.11,-8.18,-14.84,-0.18,7.62,-12.27,26.6,20.89,-19.58,-8.89,7.02000000000001,-6.86000000000001,-1.19,1.15,-0.8,0.57
1,0,-1,4,-2,4.22,-2.85,3.35,-0.44,1.64,0.859999999999999,0.91,1.77,-0.419999999999998,1.82,-1.94,4.51,-0.349999999999998,1.8,1.83,-1.54,47.11,-8.18,-14.84,-0.18,7.62,-12.27,26.6,20.89,-19.58,4.71,7.02000000000001,-6.86000000000001,5.16000000000001,1.15,-0.8,0.57,0.48
0,-1,4,-2,6,-2.85,3.35,-0.44,1.64,0.859999999999999,0.91,0.859999999999999,-0.419999999999998,1.82,-1.94,4.51,-0.349999999999998,1.8,1.83,-1.54,-0.900000000000002,-8.18,-14.84,-0.18,7.62,-12.27,26.6,20.89,-19.58,4.71,-30.82,-6.86000000000001,5.16000000000001,-3.87,-0.8,0.57,0.48,-0.15
-1,4,-2,6,18,3.35,-0.44,1.64,0.859999999999999,0.91,0.859999999999999,-0.68,1.82,-1.94,4.51,-0.349999999999998,1.8,1.83,-1.54,-0.900000000000002,-0.77,-14.84,-0.18,7.62,-12.27,26.6,20.89,-19.58,4.71,-30.82,-1.85,5.16000000000001,-3.87,1.22,0.57,0.48,-0.15,-0.14
4,-2,6,18,-14,-0.44,1.64,0.859999999999999,0.91,0.859999999999999,-0.68,0.530000000000001,-1.94,4.51,-0.349999999999998,1.8,1.83,-1.54,-0.900000000000002,-0.77,-0.559999999999999,-0.18,7.62,-12.27,26.6,20.89,-19.58,4.71,-30.82,-1.85,8.29,-3.87,1.22,-5.38,0.48,-0.15,-0.14,0.17
-2,6,18,-14,0,1.64,0.859999999999999,0.91,0.859999999999999,-0.68,0.530000000000001,-0.989999999999998,4.51,-0.349999999999998,1.8,1.83,-1.54,-0.900000000000002,-0.77,-0.559999999999999,1.72,7.62,-12.27,26.6,20.89,-19.58,4.71,-30.82,-1.85,8.29,22.6,1.22,-5.38,2.92,-0.15,-0.14,0.17,1.19
6,18,-14,0,60,0.859999999999999,0.91,0.859999999999999,-0.68,0.530000000000001,-0.989999999999998,0.299999999999997,-0.349999999999998,1.8,1.83,-1.54,-0.900000000000002,-0.77,-0.559999999999999,1.72,2.61,-12.27,26.6,20.89,-19.58,4.71,-30.82,-1.85,8.29,22.6,-26.04,-5.38,2.92,5.56,-0.14,0.17,1.19,-0.28
18,-14,0,60,-28,0.91,0.859999999999999,-0.68,0.530000000000001,-0.989999999999998,0.299999999999997,1.55,1.8,1.83,-1.54,-0.900000000000002,-0.77,-0.559999999999999,1.72,2.61,-1.53,26.6,20.89,-19.58,4.71,-30.82,-1.85,8.29,22.6,-26.04,19.43,2.92,5.56,0.019999999999996,0.17,1.19,-0.28,-0.59
-14,0,60,-28,27,0.859999999999999,-0.68,0.530000000000001,-0.989999999999998,0.299999999999997,1.55,1.3,1.83,-1.54,-0.900000000000002,-0.77,-0.559999999999999,1.72,2.61,-1.53,4.17,20.89,-19.58,4.71,-30.82,-1.85,8.29,22.6,-26.04,19.43,-14.11,5.56,0.019999999999996,-18.46,1.19,-0.28,-0.59,-0.0499999999999998
0,60,-28,27,1,-0.68,0.530000000000001,-0.989999999999998,0.299999999999997,1.55,1.3,-0.739999999999998,-1.54,-0.900000000000002,-0.77,-0.559999999999999,1.72,2.61,-1.53,4.17,-1.86,-19.58,4.71,-30.82,-1.85,8.29,22.6,-26.04,19.43,-14.11,6.39,0.019999999999996,-18.46,2.14,-0.28,-0.59,-0.0499999999999998,1.2
60,-28,27,1,41,0.530000000000001,-0.989999999999998,0.299999999999997,1.55,1.3,-0.739999999999998,3.21,-0.900000000000002,-0.77,-0.559999999999999,1.72,2.61,-1.53,4.17,-1.86,1.58,4.71,-30.82,-1.85,8.29,22.6,-26.04,19.43,-14.11,6.39,-24.14,-18.46,2.14,-0.230000000000004,-0.59,-0.0499999999999998,1.2,-0.77
-28,27,1,41,-28,-0.989999999999998,0.299999999999997,1.55,1.3,-0.739999999999998,3.21,-2.03,-0.77,-0.559999999999999,1.72,2.61,-1.53,4.17,-1.86,1.58,0.289999999999999,-30.82,-1.85,8.29,22.6,-26.04,19.43,-14.11,6.39,-24.14,-1.56,2.14,-0.230000000000004,-0.539999999999999,-0.0499999999999998,1.2,-0.77,0.26
27,1,41,-28,17,0.299999999999997,1.55,1.3,-0.739999999999998,3.21,-2.03,2.04,-0.559999999999999,1.72,2.61,-1.53,4.17,-1.86,1.58,0.289999999999999,-4.01,-1.85,8.29,22.6,-26.04,19.43,-14.11,6.39,-24.14,-1.56,9.68,-0.230000000000004,-0.539999999999999,12.36,1.2,-0.77,0.26,0.55
1,41,-28,17,-14,1.55,1.3,-0.739999999999998,3.21,-2.03,2.04,1.05,1.72,2.61,-1.53,4.17,-1.86,1.58,0.289999999999999,-4.01,5.01,8.29,22.6,-26.04,19.43,-14.11,6.39,-24.14,-1.56,9.68,-4.59,-0.539999999999999,12.36,-5.23,-0.77,0.26,0.55,-0.88
41,-28,17,-14,8,1.3,-0.739999999999998,3.21,-2.03,2.04,1.05,-2.9,2.61,-1.53,4.17,-1.86,1.58,0.289999999999999,-4.01,5.01,-5.85,22.6,-26.04,19.43,-14.11,6.39,-24.14,-1.56,9.68,-4.59,-25.86,12.36,-5.23,-5.38999999999999,0.26,0.55,-0.88,0.17
-28,17,-14,8,7,-0.739999999999998,3.21,-2.03,2.04,1.05,-2.9,3.39,-1.53,4.17,-1.86,1.58,0.289999999999999,-4.01,5.01,-5.85,5.1,-26.04,19.43,-14.11,6.39,-24.14,-1.56,9.68,-4.59,-25.86,31.1,-5.23,-5.38999999999999,3.58000000000001,0.55,-0.88,0.17,0.0800000000000001
17,-14,8,7,41,3.21,-2.03,2.04,1.05,-2.9,3.39,-4.69,4.17,-1.86,1.58,0.289999999999999,-4.01,5.01,-5.85,5.1,1.88,19.43,-14.11,6.39,-24.14,-1.56,9.68,-4.59,-25.86,31.1,-31.1,-5.38999999999999,3.58000000000001,4.45999999999999,-0.88,0.17,0.0800000000000001,0.33
-14,8,7,41,-1,-2.03,2.04,1.05,-2.9,3.39,-4.69,3.42,-1.86,1.58,0.289999999999999,-4.01,5.01,-5.85,5.1,1.88,-2.15,-14.11,6.39,-24.14,-1.56,9.68,-4.59,-25.86,31.1,-31.1,11.27,3.58000000000001,4.45999999999999,-7.04,0.17,0.0800000000000001,0.33,-1.26
8,7,41,-1,31,2.04,1.05,-2.9,3.39,-4.69,3.42,1.75,1.58,0.289999999999999,-4.01,5.01,-5.85,5.1,1.88,-2.15,-1.15,6.39,-24.14,-1.56,9.68,-4.59,-25.86,31.1,-31.1,11.27,4.54,4.45999999999999,-7.04,4.15,0.0800000000000001,0.33,-1.26,1.02
7,41,-1,31,0,1.05,-2.9,3.39,-4.69,3.42,1.75,-1.7,0.289999999999999,-4.01,5.01,-5.85,5.1,1.88,-2.15,-1.15,-2.33,-24.14,-1.56,9.68,-4.59,-25.86,31.1,-31.1,11.27,4.54,-13.66,-7.04,4.15,-11.96,0.33,-1.26,1.02,0.57
41,-1,31,0,-2,-2.9,3.39,-4.69,3.42,1.75,-1.7,0.210000000000001,-4.01,5.01,-5.85,5.1,1.88,-2.15,-1.15,-2.33,1.06,-1.56,9.68,-4.59,-25.86,31.1,-31.1,11.27,4.54,-13.66,-2.15,4.15,-11.96,0.149999999999999,-1.26,1.02,0.57,-0.199999999999999
-1,31,0,-2,4,3.39,-4.69,3.42,1.75,-1.7,0.210000000000001,-2.62,5.01,-5.85,5.1,1.88,-2.15,-1.15,-2.33,1.06,1.31,9.68,-4.59,-25.86,31.1,-31.1,11.27,4.54,-13.66,-2.15,2.89,-11.96,0.149999999999999,8.61,1.02,0.57,-0.199999999999999,0
31,0,-2,4,-17,-4.69,3.42,1.75,-1.7,0.210000000000001,-2.62,0.800000000000001,-5.85,5.1,1.88,-2.15,-1.15,-2.33,1.06,1.31,-2.04,-4.59,-25.86,31.1,-31.1,11.27,4.54,-13.66,-2.15,2.89,2.87,0.149999999999999,8.61,-0.529999999999994,0.57,-0.199999999999999,0,-1.01
0,-2,4,-17,-6,3.42,1.75,-1.7,0.210000000000001,-2.62,0.800000000000001,0.669999999999998,5.1,1.88,-2.15,-1.15,-2.33,1.06,1.31,-2.04,-0.43,-25.86,31.1,-31.1,11.27,4.54,-13.66,-2.15,2.89,2.87,-5.76,8.61,-0.529999999999994,0.229999999999997,-0.199999999999999,0,-1.01,0.85
-2,4,-17,-6,-17,1.75,-1.7,0.210000000000001,-2.62,0.800000000000001,0.669999999999998,-4.25,1.88,-2.15,-1.15,-2.33,1.06,1.31,-2.04,-0.43,-5.53,31.1,-31.1,11.27,4.54,-13.66,-2.15,2.89,2.87,-5.76,0,-0.529999999999994,0.229999999999997,-1.09,0,-1.01,0.85,-0.22
4,-17,-6,-17,21,-1.7,0.210000000000001,-2.62,0.800000000000001,0.669999999999998,-4.25,2.86,-2.15,-1.15,-2.33,1.06,1.31,-2.04,-0.43,-5.53,2.7,-31.1,11.27,4.54,-13.66,-2.15,2.89,2.87,-5.76,0,0,0.229999999999997,-1.09,-3.25,-1.01,0.85,-0.22,-0.0100000000000002
-17,-6,-17,21,-28,0.210000000000001,-2.62,0.800000000000001,0.669999999999998,-4.25,2.86,-4.3,-1.15,-2.33,1.06,1.31,-2.04,-0.43,-5.53,2.7,3.25,11.27,4.54,-13.66,-2.15,2.89,2.87,-5.76,0,0,0,-1.09,-3.25,6.39,0.85,-0.22,-0.0100000000000002,0.350000000000001
-6,-17,21,-28,-14,-2.62,0.800000000000001,0.669999999999998,-4.25,2.86,-4.3,0.659999999999997,-2.33,1.06,1.31,-2.04,-0.43,-5.53,2.7,3.25,-5.23,4.54,-13.66,-2.15,2.89,2.87,-5.76,0,0,0,0,-3.25,6.39,4.41,-0.22,-0.0100000000000002,0.350000000000001,0.18
-17,21,-28,-14,8,0.800000000000001,0.669999999999998,-4.25,2.86,-4.3,0.659999999999997,3.97,1.06,1.31,-2.04,-0.43,-5.53,2.7,3.25,-5.23,-0.32,-13.66,-2.15,2.89,2.87,-5.76,0,0,0,0,27.28,6.39,4.41,-1.50999999999999,-0.0100000000000002,0.350000000000001,0.18,-0.95
21,-28,-14,8,-15,0.669999999999998,-4.25,2.86,-4.3,0.659999999999997,3.97,-3.9,1.31,-2.04,-0.43,-5.53,2.7,3.25,-5.23,-0.32,1.4,-2.15,2.89,2.87,-5.76,0,0,0,0,27.28,-27.28,4.41,-1.50999999999999,-9.47000000000001,0.350000000000001,0.18,-0.95,-0.28
-28,-14,8,-15,3,-4.25,2.86,-4.3,0.659999999999997,3.97,-3.9,-1.62,-2.04,-0.43,-5.53,2.7,3.25,-5.23,-0.32,1.4,-3.24,2.89,2.87,-5.76,0,0,0,0,27.28,-27.28,14.07,-1.50999999999999,-9.47000000000001,8.50000000000001,0.18,-0.95,-0.28,0.06
-14,8,-15,3,15,2.86,-4.3,0.659999999999997,3.97,-3.9,-1.62,0.899999999999999,-0.43,-5.53,2.7,3.25,-5.23,-0.32,1.4,-3.24,2.47,2.87,-5.76,0,0,0,0,27.28,-27.28,14.07,-10.32,-9.47000000000001,8.50000000000001,-0.710000000000008,-0.95,-0.28,0.06,0.39
8,-15,3,15,-11,-4.3,0.659999999999997,3.97,-3.9,-1.62,0.899999999999999,-2.51,-5.53,2.7,3.25,-5.23,-0.32,1.4,-3.24,2.47,-1.85,-5.76,0,0,0,0,27.28,-27.28,14.07,-10.32,9.61,8.50000000000001,-0.710000000000008,1.47,-0.28,0.06,0.39,-0.57
-15,3,15,-11,3,0.659999999999997,3.97,-3.9,-1.62,0.899999999999999,-2.51,0.66,2.7,3.25,-5.23,-0.32,1.4,-3.24,2.47,-1.85,-4.79,0,0,0,0,27.28,-27.28,14.07,-10.32,9.61,-9.12,-0.710000000000008,1.47,0.13000000000001,0.06,0.39,-0.57,-0.27
3,15,-11,3,-14,3.97,-3.9,-1.62,0.899999999999999,-2.51,0.66,-2.05,3.25,-5.23,-0.32,1.4,-3.24,2.47,-1.85,-4.79,2.6,0,0,0,27.28,-27.28,14.07,-10.32,9.61,-9.12,24.44,1.47,0.13000000000001,-3.13000000000001,0.39,-0.57,-0.27,0.06
15,-11,3,-14,-6,-3.9,-1.62,0.899999999999999,-2.51,0.66,-2.05,-3.56,-5.23,-0.32,1.4,-3.24,2.47,-1.85,-4.79,2.6,0.190000000000001,0,0,27.28,-27.28,14.07,-10.32,9.61,-9.12,24.44,-28.68,0.13000000000001,-3.13000000000001,7.59,-0.57,-0.27,0.06,0.59
-11,3,-14,-6,-3,-1.62,0.899999999999999,-2.51,0.66,-2.05,-3.56,3.77,-0.32,1.4,-3.24,2.47,-1.85,-4.79,2.6,0.190000000000001,-1.88,0,27.28,-27.28,14.07,-10.32,9.61,-9.12,24.44,-28.68,24.39,-3.13000000000001,7.59,5.24,-0.27,0.06,0.59,-1.25
3,-14,-6,-3,-18,0.899999999999999,-2.51,0.66,-2.05,-3.56,3.77,-1.89,1.4,-3.24,2.47,-1.85,-4.79,2.6,0.190000000000001,-1.88,0.639999999999999,27.28,-27.28,14.07,-10.32,9.61,-9.12,24.44,-28.68,24.39,1,7.59,5.24,2.26,0.06,0.59,-1.25,0.21
-14,-6,-3,-18,-23,-2.51,0.66,-2.05,-3.56,3.77,-1.89,-0.43,-3.24,2.47,-1.85,-4.79,2.6,0.190000000000001,-1.88,0.639999999999999,2.81,-27.28,14.07,-10.32,9.61,-9.12,24.44,-28.68,24.39,1,18.44,5.24,2.26,-3.56999999999999,0.59,-1.25,0.21,-0.47
-6,-3,-18,-23,26,0.66,-2.05,-3.56,3.77,-1.89,-0.43,0.609999999999999,2.47,-1.85,-4.79,2.6,0.190000000000001,-1.88,0.639999999999999,2.81,-2.78,14.07,-10.32,9.61,-9.12,24.44,-28.68,24.39,1,18.44,-16.19,2.26,-3.56999999999999,-3.88000000000001,-1.25,0.21,-0.47,1.56
-3,-18,-23,26,-36,-2.05,-3.56,3.77,-1.89,-0.43,0.609999999999999,1.83,-1.85,-4.79,2.6,0.190000000000001,-1.88,0.639999999999999,2.81,-2.78,1.5,-10.32,9.61,-9.12,24.44,-28.68,24.39,1,18.44,-16.19,13.82,-3.56999999999999,-3.88000000000001,1.5,0.21,-0.47,1.56,-1.43
-18,-23,26,-36,19,-3.56,3.77,-1.89,-0.43,0.609999999999999,1.83,-1.66,-4.79,2.6,0.190000000000001,-1.88,0.639999999999999,2.81,-2.78,1.5,-0.710000000000001,9.61,-9.12,24.44,-28.68,24.39,1,18.44,-16.19,13.82,1.49,-3.88000000000001,1.5,0.670000000000002,-0.47,1.56,-1.43,0.63
-23,26,-36,19,-16,3.77,-1.89,-0.43,0.609999999999999,1.83,-1.66,0.82,2.6,0.190000000000001,-1.88,0.639999999999999,2.81,-2.78,1.5,-0.710000000000001,0.550000000000001,-9.12,24.44,-28.68,24.39,1,18.44,-16.19,13.82,1.49,-12.85,1.5,0.670000000000002,5.52,1.56,-1.43,0.63,-0.49
26,-36,19,-16,-9,-1.89,-0.43,0.609999999999999,1.83,-1.66,0.82,-0.23,0.190000000000001,-1.88,0.639999999999999,2.81,-2.78,1.5,-0.710000000000001,0.550000000000001,-0.129999999999999,24.44,-28.68,24.39,1,18.44,-16.19,13.82,1.49,-12.85,11.14,0.670000000000002,5.52,-2.80999999999999,-1.43,0.63,-0.49,-0.14
-36,19,-16,-9,-2,-0.43,0.609999999999999,1.83,-1.66,0.82,-0.23,-0.619999999999999,-1.88,0.639999999999999,2.81,-2.78,1.5,-0.710000000000001,0.550000000000001,-0.129999999999999,-0.880000000000003,-28.68,24.39,1,18.44,-16.19,13.82,1.49,-12.85,11.14,1.77,5.52,-2.80999999999999,12.96,0.63,-0.49,-0.14,-0.11
19,-16,-9,-2,-26,0.609999999999999,1.83,-1.66,0.82,-0.23,-0.619999999999999,1.12,0.639999999999999,2.81,-2.78,1.5,-0.710000000000001,0.550000000000001,-0.129999999999999,-0.880000000000003,-1.37,24.39,1,18.44,-16.19,13.82,1.49,-12.85,11.14,1.77,21.1,-2.80999999999999,12.96,-12.42,-0.49,-0.14,-0.11,-0.23
-16,-9,-2,-26,-5,1.83,-1.66,0.82,-0.23,-0.619999999999999,1.12,-0.879999999999999,2.81,-2.78,1.5,-0.710000000000001,0.550000000000001,-0.129999999999999,-0.880000000000003,-1.37,3.85,1,18.44,-16.19,13.82,1.49,-12.85,11.14,1.77,21.1,-11.16,12.96,-12.42,1.78,-0.14,-0.11,-0.23,1.08
-9,-2,-26,-5,-5,-1.66,0.82,-0.23,-0.619999999999999,1.12,-0.879999999999999,-1.26,-2.78,1.5,-0.710000000000001,0.550000000000001,-0.129999999999999,-0.880000000000003,-1.37,3.85,-2.19,18.44,-16.19,13.82,1.49,-12.85,11.14,1.77,21.1,-11.16,2.54,-12.42,1.78,-1.44,-0.11,-0.23,1.08,-0.34
-2,-26,-5,-5,22,0.82,-0.23,-0.619999999999999,1.12,-0.879999999999999,-1.26,2.88,1.5,-0.710000000000001,0.550000000000001,-0.129999999999999,-0.880000000000003,-1.37,3.85,-2.19,0.43,-16.19,13.82,1.49,-12.85,11.14,1.77,21.1,-11.16,2.54,32.25,1.78,-1.44,-1.91,-0.23,1.08,-0.34,-0.26
-26,-5,-5,22,-15,-0.23,-0.619999999999999,1.12,-0.879999999999999,-1.26,2.88,-3.4,-0.710000000000001,0.550000000000001,-0.129999999999999,-0.880000000000003,-1.37,3.85,-2.19,0.43,3.14,13.82,1.49,-12.85,11.14,1.77,21.1,-11.16,2.54,32.25,-27.78,-1.44,-1.91,5.64999999999999,1.08,-0.34,-0.26,-0.51
-5,-5,22,-15,13,-0.619999999999999,1.12,-0.879999999999999,-1.26,2.88,-3.4,2.54,0.550000000000001,-0.129999999999999,-0.880000000000003,-1.37,3.85,-2.19,0.43,3.14,-0.350000000000001,1.49,-12.85,11.14,1.77,21.1,-11.16,2.54,32.25,-27.78,-0.0300000000000011,-1.91,5.64999999999999,-5.95999999999999,-0.34,-0.26,-0.51,0.36
-5,22,-15,13,-5,1.12,-0.879999999999999,-1.26,2.88,-3.4,2.54,2.03,-0.129999999999999,-0.880000000000003,-1.37,3.85,-2.19,0.43,3.14,-0.350000000000001,-0.120000000000001,-12.85,11.14,1.77,21.1,-11.16,2.54,32.25,-27.78,-0.0300000000000011,2.96,5.64999999999999,-5.95999999999999,1.53999999999999,-0.26,-0.51,0.36,0.8
22,-15,13,-5,-9,-0.879999999999999,-1.26,2.88,-3.4,2.54,2.03,0.520000000000001,-0.880000000000003,-1.37,3.85,-2.19,0.43,3.14,-0.350000000000001,-0.120000000000001,5.01,11.14,1.77,21.1,-11.16,2.54,32.25,-27.78,-0.0300000000000011,2.96,15.31,-5.95999999999999,1.53999999999999,-1.83999999999999,-0.51,0.36,0.8,-0.89
-15,13,-5,-9,-3,-1.26,2.88,-3.4,2.54,2.03,0.520000000000001,0.319999999999999,-1.37,3.85,-2.19,0.43,3.14,-0.350000000000001,-0.120000000000001,5.01,-4.02,1.77,21.1,-11.16,2.54,32.25,-27.78,-0.0300000000000011,2.96,15.31,-9.10000000000001,1.53999999999999,-1.83999999999999,-11.01,0.36,0.8,-0.89,0.31
13,-5,-9,-3,20,2.88,-3.4,2.54,2.03,0.520000000000001,0.319999999999999,2.83,3.85,-2.19,0.43,3.14,-0.350000000000001,-0.120000000000001,5.01,-4.02,0.59,21.1,-11.16,2.54,32.25,-27.78,-0.0300000000000011,2.96,15.31,-9.10000000000001,-10.01,-1.83999999999999,-11.01,13,0.8,-0.89,0.31,0.78
-5,-9,-3,20,10,-3.4,2.54,2.03,0.520000000000001,0.319999999999999,2.83,-2.36,-2.19,0.43,3.14,-0.350000000000001,-0.120000000000001,5.01,-4.02,0.59,3.49,-11.16,2.54,32.25,-27.78,-0.0300000000000011,2.96,15.31,-9.10000000000001,-10.01,-15.25,-11.01,13,-2.98,-0.89,0.31,0.78,-0.0900000000000003
-9,-3,20,10,2,2.54,2.03,0.520000000000001,0.319999999999999,2.83,-2.36,-1.6,0.43,3.14,-0.350000000000001,-0.120000000000001,5.01,-4.02,0.59,3.49,0.920000000000002,2.54,32.25,-27.78,-0.0300000000000011,2.96,15.31,-9.10000000000001,-10.01,-15.25,13.17,13,-2.98,-5.11999999999999,0.31,0.78,-0.0900000000000003,-0.38
-3,20,10,2,8,2.03,0.520000000000001,0.319999999999999,2.83,-2.36,-1.6,5.8,3.14,-0.350000000000001,-0.120000000000001,5.01,-4.02,0.59,3.49,0.920000000000002,0.859999999999999,32.25,-27.78,-0.0300000000000011,2.96,15.31,-9.10000000000001,-10.01,-15.25,13.17,-4.9,-2.98,-5.11999999999999,7.72,0.78,-0.0900000000000003,-0.38,1.25
20,10,2,8,5,0.520000000000001,0.319999999999999,2.83,-2.36,-1.6,5.8,-0.43,-0.350000000000001,-0.120000000000001,5.01,-4.02,0.59,3.49,0.920000000000002,0.859999999999999,1.2,-27.78,-0.0300000000000011,2.96,15.31,-9.10000000000001,-10.01,-15.25,13.17,-4.9,-31.62,-5.11999999999999,7.72,-11.68,-0.0900000000000003,-0.38,1.25,-1.31
10,2,8,5,12,0.319999999999999,2.83,-2.36,-1.6,5.8,-0.43,0.41,-0.120000000000001,5.01,-4.02,0.59,3.49,0.920000000000002,0.859999999999999,1.2,-4.37,-0.0300000000000011,2.96,15.31,-9.10000000000001,-10.01,-15.25,13.17,-4.9,-31.62,2.21,7.72,-11.68,-3.26,-0.38,1.25,-1.31,1.43
2,8,5,12,-4,2.83,-2.36,-1.6,5.8,-0.43,0.41,0.169999999999998,5.01,-4.02,0.59,3.49,0.920000000000002,0.859999999999999,1.2,-4.37,2.49,2.96,15.31,-9.10000000000001,-10.01,-15.25,13.17,-4.9,-31.62,2.21,-6.25,-11.68,-3.26,3.16,1.25,-1.31,1.43,-0.18
8,5,12,-4,18,-2.36,-1.6,5.8,-0.43,0.41,0.169999999999998,-1.4,-4.02,0.59,3.49,0.920000000000002,0.859999999999999,1.2,-4.37,2.49,3.46,15.31,-9.10000000000001,-10.01,-15.25,13.17,-4.9,-31.62,2.21,-6.25,45.49,-3.26,3.16,-3.19,-1.31,1.43,-0.18,-1.34
5,12,-4,18,19,-1.6,5.8,-0.43,0.41,0.169999999999998,-1.4,1.58,0.59,3.49,0.920000000000002,0.859999999999999,1.2,-4.37,2.49,3.46,-1.83,-9.10000000000001,-10.01,-15.25,13.17,-4.9,-31.62,2.21,-6.25,45.49,-14.75,3.16,-3.19,6.73,1.43,-0.18,-1.34,1.31
12,-4,18,19,-13,5.8,-0.43,0.41,0.169999999999998,-1.4,1.58,2.61,3.49,0.920000000000002,0.859999999999999,1.2,-4.37,2.49,3.46,-1.83,-0.809999999999999,-10.01,-15.25,13.17,-4.9,-31.62,2.21,-6.25,45.49,-14.75,-47.19,-3.19,6.73,-3.92999999999999,-0.18,-1.34,1.31,0.35
-4,18,19,-13,12,-0.43,0.41,0.169999999999998,-1.4,1.58,2.61,-0.399999999999999,0.920000000000002,0.859999999999999,1.2,-4.37,2.49,3.46,-1.83,-0.809999999999999,2.18,-15.25,13.17,-4.9,-31.62,2.21,-6.25,45.49,-14.75,-47.19,39.02,6.73,-3.92999999999999,-2.88,-1.34,1.31,0.35,-0.7
18,19,-13,12,5,0.41,0.169999999999998,-1.4,1.58,2.61,-0.399999999999999,-1.9,0.859999999999999,1.2,-4.37,2.49,3.46,-1.83,-0.809999999999999,2.18,-0.330000000000002,13.17,-4.9,-31.62,2.21,-6.25,45.49,-14.75,-47.19,39.02,-9.07,-3.92999999999999,-2.88,0.530000000000001,1.31,0.35,-0.7,0.47
19,-13,12,5,10,0.169999999999998,-1.4,1.58,2.61,-0.399999999999999,-1.9,3.2,1.2,-4.37,2.49,3.46,-1.83,-0.809999999999999,2.18,-0.330000000000002,-2.49,-4.9,-31.62,2.21,-6.25,45.49,-14.75,-47.19,39.02,-9.07,-7.8,-2.88,0.530000000000001,-4.73,0.35,-0.7,0.47,-0.73
-13,12,5,10,10,-1.4,1.58,2.61,-0.399999999999999,-1.9,3.2,0.370000000000001,-4.37,2.49,3.46,-1.83,-0.809999999999999,2.18,-0.330000000000002,-2.49,2.84,-31.62,2.21,-6.25,45.49,-14.75,-47.19,39.02,-9.07,-7.8,-10.27,0.530000000000001,-4.73,3.75,-0.7,0.47,-0.73,0.42
12,5,10,10,1,1.58,2.61,-0.399999999999999,-1.9,3.2,0.370000000000001,-1.38,2.49,3.46,-1.83,-0.809999999999999,2.18,-0.330000000000002,-2.49,2.84,1.11,2.21,-6.25,45.49,-14.75,-47.19,39.02,-9.07,-7.8,-10.27,-10.71,-4.73,3.75,-0.629999999999995,0.47,-0.73,0.42,0.57
5,10,10,1,2,2.61,-0.399999999999999,-1.9,3.2,0.370000000000001,-1.38,0.0899999999999999,3.46,-1.83,-0.809999999999999,2.18,-0.330000000000002,-2.49,2.84,1.11,0.280000000000001,-6.25,45.49,-14.75,-47.19,39.02,-9.07,-7.8,-10.27,-10.71,29.27,3.75,-0.629999999999995,-1.59,-0.73,0.42,0.57,0.11
10,10,1,2,9,-0.399999999999999,-1.9,3.2,0.370000000000001,-1.38,0.0899999999999999,1.96,-1.83,-0.809999999999999,2.18,-0.330000000000002,-2.49,2.84,1.11,0.280000000000001,-1.93,45.49,-14.75,-47.19,39.02,-9.07,-7.8,-10.27,-10.71,29.27,-24.11,-0.629999999999995,-1.59,-0.129999999999995,0.42,0.57,0.11,-0.15
10,1,2,9,14,-1.9,3.2,0.370000000000001,-1.38,0.0899999999999999,1.96,-1.78,-0.809999999999999,2.18,-0.330000000000002,-2.49,2.84,1.11,0.280000000000001,-1.93,-1.68,-14.75,-47.19,39.02,-9.07,-7.8,-10.27,-10.71,29.27,-24.11,4.37,-1.59,-0.129999999999995,-4.68,0.57,0.11,-0.15,-0.35
1,2,9,14,3,3.2,0.370000000000001,-1.38,0.0899999999999999,1.96,-1.78,0.900000000000002,2.18,-0.330000000000002,-2.49,2.84,1.11,0.280000000000001,-1.93,-1.68,3.1,-47.19,39.02,-9.07,-7.8,-10.27,-10.71,29.27,-24.11,4.37,8.74,-0.129999999999995,-4.68,8.05,0.11,-0.15,-0.35,0.68
2,9,14,3,40,0.370000000000001,-1.38,0.0899999999999999,1.96,-1.78,0.900000000000002,-2.3,-0.330000000000002,-2.49,2.84,1.11,0.280000000000001,-1.93,-1.68,3.1,-3.94,39.02,-9.07,-7.8,-10.27,-10.71,29.27,-24.11,4.37,8.74,-2.54,-4.68,8.05,-9.66,-0.15,-0.35,0.68,0.34
9,14,3,40,-12,-1.38,0.0899999999999999,1.96,-1.78,0.900000000000002,-2.3,1.8,-2.49,2.84,1.11,0.280000000000001,-1.93,-1.68,3.1,-3.94,1.64,-9.07,-7.8,-10.27,-10.71,29.27,-24.11,4.37,8.74,-2.54,-15.39,8.05,-9.66,15.03,-0.35,0.68,0.34,-1
14,3,40,-12,8,0.0899999999999999,1.96,-1.78,0.900000000000002,-2.3,1.8,-2.87,2.84,1.11,0.280000000000001,-1.93,-1.68,3.1,-3.94,1.64,-1.67,-7.8,-10.27,-10.71,29.27,-24.11,4.37,8.74,-2.54,-15.39,-1.51,-9.66,15.03,-2.11,0.68,0.34,-1,0.28
3,40,-12,8,-37,1.96,-1.78,0.900000000000002,-2.3,1.8,-2.87,0.890000000000001,1.11,0.280000000000001,-1.93,-1.68,3.1,-3.94,1.64,-1.67,-0.949999999999999,-10.27,-10.71,29.27,-24.11,4.37,8.74,-2.54,-15.39,-1.51,9.4,15.03,-2.11,-3.97000000000001,0.34,-1,0.28,-0.35
40,-12,8,-37,12,-1.78,0.900000000000002,-2.3,1.8,-2.87,0.890000000000001,-2.53,0.280000000000001,-1.93,-1.68,3.1,-3.94,1.64,-1.67,-0.949999999999999,0.289999999999999,-10.71,29.27,-24.11,4.37,8.74,-2.54,-15.39,-1.51,9.4,-9.4,-2.11,-3.97000000000001,-6.9,-1,0.28,-0.35,0.15
-12,8,-37,12,6,0.900000000000002,-2.3,1.8,-2.87,0.890000000000001,-2.53,-1.78,-1.93,-1.68,3.1,-3.94,1.64,-1.67,-0.949999999999999,0.289999999999999,0.329999999999998,29.27,-24.11,4.37,8.74,-2.54,-15.39,-1.51,9.4,-9.4,9.61,-3.97000000000001,-6.9,7.82,0.28,-0.35,0.15,0.0300000000000002
8,-37,12,6,-15,-2.3,1.8,-2.87,0.890000000000001,-2.53,-1.78,2.41,-1.68,3.1,-3.94,1.64,-1.67,-0.949999999999999,0.289999999999999,0.329999999999998,-4.91,-24.11,4.37,8.74,-2.54,-15.39,-1.51,9.4,-9.4,9.61,-1.68,-6.9,7.82,-7.54,-0.35,0.15,0.0300000000000002,-0.22
-37,12,6,-15,8,1.8,-2.87,0.890000000000001,-2.53,-1.78,2.41,1.23,3.1,-3.94,1.64,-1.67,-0.949999999999999,0.289999999999999,0.329999999999998,-4.91,2.52,4.37,8.74,-2.54,-15.39,-1.51,9.4,-9.4,9.61,-1.68,1.82,7.82,-7.54,6.49,0.15,0.0300000000000002,-0.22,-0.23
12,6,-15,8,2,-2.87,0.890000000000001,-2.53,-1.78,2.41,1.23,-4.66,-3.94,1.64,-1.67,-0.949999999999999,0.289999999999999,0.329999999999998,-4.91,2.52,-3.15,8.74,-2.54,-15.39,-1.51,9.4,-9.4,9.61,-1.68,1.82,-6.92,-7.54,6.49,5.25,0.0300000000000002,-0.22,-0.23,-0.17
6,-15,8,2,-15,0.890000000000001,-2.53,-1.78,2.41,1.23,-4.66,1.97,1.64,-1.67,-0.949999999999999,0.289999999999999,0.329999999999998,-4.91,2.52,-3.15,0.280000000000001,-2.54,-15.39,-1.51,9.4,-9.4,9.61,-1.68,1.82,-6.92,-2.83,6.49,5.25,1.28,-0.22,-0.23,-0.17,0.14
-15,8,2,-15,-14,-2.53,-1.78,2.41,1.23,-4.66,1.97,-3.26,-1.67,-0.949999999999999,0.289999999999999,0.329999999999998,-4.91,2.52,-3.15,0.280000000000001,-1.7,-15.39,-1.51,9.4,-9.4,9.61,-1.68,1.82,-6.92,-2.83,0,5.25,1.28,-2.09,-0.23,-0.17,0.14,-0.24
8,2,-15,-14,-15,-1.78,2.41,1.23,-4.66,1.97,-3.26,1.06,-0.949999999999999,0.289999999999999,0.329999999999998,-4.91,2.52,-3.15,0.280000000000001,-1.7,2.13,-1.51,9.4,-9.4,9.61,-1.68,1.82,-6.92,-2.83,0,0,1.28,-2.09,0.0900000000000034,-0.17,0.14,-0.24,-0.29
2,-15,-14,-15,6,2.41,1.23,-4.66,1.97,-3.26,1.06,-3.51,0.289999999999999,0.329999999999998,-4.91,2.52,-3.15,0.280000000000001,-1.7,2.13,-3.97,9.4,-9.4,9.61,-1.68,1.82,-6.92,-2.83,0,0,19.68,-2.09,0.0900000000000034,3.21000000000001,0.14,-0.24,-0.29,0.34
-15,-14,-15,6,-26,1.23,-4.66,1.97,-3.26,1.06,-3.51,1.3,0.329999999999998,-4.91,2.52,-3.15,0.280000000000001,-1.7,2.13,-3.97,-1.96,-9.4,9.61,-1.68,1.82,-6.92,-2.83,0,0,19.68,-5.32,0.0900000000000034,3.21000000000001,-6.21000000000001,-0.24,-0.29,0.34,-0.11
-14,-15,6,-26,-5,-4.66,1.97,-3.26,1.06,-3.51,1.3,-2.1,-4.91,2.52,-3.15,0.280000000000001,-1.7,2.13,-3.97,-1.96,2.36,9.61,-1.68,1.82,-6.92,-2.83,0,0,19.68,-5.32,-6.09,3.21000000000001,-6.21000000000001,6.06,-0.29,0.34,-0.11,-0.23
-15,6,-26,-5,2,1.97,-3.26,1.06,-3.51,1.3,-2.1,-1.36,2.52,-3.15,0.280000000000001,-1.7,2.13,-3.97,-1.96,2.36,3.14,-1.68,1.82,-6.92,-2.83,0,0,19.68,-5.32,-6.09,2.08,-6.21000000000001,6.06,9.92,0.34,-0.11,-0.23,-0.75
6,-26,-5,2,-10,-3.26,1.06,-3.51,1.3,-2.1,-1.36,2.6,-3.15,0.280000000000001,-1.7,2.13,-3.97,-1.96,2.36,3.14,-4.59,1.82,-6.92,-2.83,0,0,19.68,-5.32,-6.09,2.08,22.92,6.06,9.92,-13.09,-0.11,-0.23,-0.75,0.65
-26,-5,2,-10,1,1.06,-3.51,1.3,-2.1,-1.36,2.6,1.09,0.280000000000001,-1.7,2.13,-3.97,-1.96,2.36,3.14,-4.59,-2.25,-6.92,-2.83,0,0,19.68,-5.32,-6.09,2.08,22.92,-29.44,9.92,-13.09,14.53,-0.23,-0.75,0.65,-0.0800000000000001
-5,2,-10,1,-49,-3.51,1.3,-2.1,-1.36,2.6,1.09,-3.85,-1.7,2.13,-3.97,-1.96,2.36,3.14,-4.59,-2.25,1.41,-2.83,0,0,19.68,-5.32,-6.09,2.08,22.92,-29.44,38.4,-13.09,14.53,-3.42,-0.75,0.65,-0.0800000000000001,-0.44
2,-10,1,-49,-8,1.3,-2.1,-1.36,2.6,1.09,-3.85,-0.32,2.13,-3.97,-1.96,2.36,3.14,-4.59,-2.25,1.41,1.04,0,0,19.68,-5.32,-6.09,2.08,22.92,-29.44,38.4,-1.48,14.53,-3.42,-2.67,0.65,-0.0800000000000001,-0.44,0.34
-10,1,-49,-8,-23,-2.1,-1.36,2.6,1.09,-3.85,-0.32,-0.369999999999999,-3.97,-1.96,2.36,3.14,-4.59,-2.25,1.41,1.04,0.93,0,19.68,-5.32,-6.09,2.08,22.92,-29.44,38.4,-1.48,-16.85,-3.42,-2.67,11.17,-0.0800000000000001,-0.44,0.34,0.3
1,-49,-8,-23,12,-1.36,2.6,1.09,-3.85,-0.32,-0.369999999999999,0.92,-1.96,2.36,3.14,-4.59,-2.25,1.41,1.04,0.93,-0.129999999999999,19.68,-5.32,-6.09,2.08,22.92,-29.44,38.4,-1.48,-16.85,14.43,-2.67,11.17,-8.44,-0.44,0.34,0.3,-0.52
-49,-8,-23,12,-14,2.6,1.09,-3.85,-0.32,-0.369999999999999,0.92,1.78,2.36,3.14,-4.59,-2.25,1.41,1.04,0.93,-0.129999999999999,0.619999999999997,-5.32,-6.09,2.08,22.92,-29.44,38.4,-1.48,-16.85,14.43,17.57,11.17,-8.44,8.28,0.34,0.3,-0.52,0.18
-8,-23,12,-14,0,1.09,-3.85,-0.32,-0.369999999999999,0.92,1.78,0.24,3.14,-4.59,-2.25,1.41,1.04,0.93,-0.129999999999999,0.619999999999997,0.560000000000002,-6.09,2.08,22.92,-29.44,38.4,-1.48,-16.85,14.43,17.57,9.38,-8.44,8.28,-7.08,0.3,-0.52,0.18,0.24
-23,12,-14,0,10,-3.85,-0.32,-0.369999999999999,0.92,1.78,0.24,-0.15,-4.59,-2.25,1.41,1.04,0.93,-0.129999999999999,0.619999999999997,0.560000000000002,-1.4,2.08,22.92,-29.44,38.4,-1.48,-16.85,14.43,17.57,9.38,4.37,8.28,-7.08,2.38,-0.52,0.18,0.24,0.18
